# Universe seed list (snapshot 2026-10-06). Current constituents => survivorship bias; see docs/adr/0002.
# Removed 2026-10-06: HOLX, MMC, BK, CTRA (HTTP 404 from both yfinance and Yahoo chart; symbol delisted or changed).
ticker,asset_class,category,leverage,instrument
AAPL,equity,information_technology,1,stock
MSFT,equity,information_technology,1,stock
NVDA,equity,information_technology,1,stock
AVGO,equity,information_technology,1,stock
ORCL,equity,information_technology,1,stock
CRM,equity,information_technology,1,stock
ADBE,equity,information_technology,1,stock
AMD,equity,information_technology,1,stock
CSCO,equity,information_technology,1,stock
ACN,equity,information_technology,1,stock
IBM,equity,information_technology,1,stock
INTU,equity,information_technology,1,stock
TXN,equity,information_technology,1,stock
QCOM,equity,information_technology,1,stock
NOW,equity,information_technology,1,stock
AMAT,equity,information_technology,1,stock
MU,equity,information_technology,1,stock
LRCX,equity,information_technology,1,stock
ADI,equity,information_technology,1,stock
KLAC,equity,information_technology,1,stock
SNPS,equity,information_technology,1,stock
CDNS,equity,information_technology,1,stock
PANW,equity,information_technology,1,stock
CRWD,equity,information_technology,1,stock
ANET,equity,information_technology,1,stock
APH,equity,information_technology,1,stock
MSI,equity,information_technology,1,stock
FTNT,equity,information_technology,1,stock
ROP,equity,information_technology,1,stock
ADSK,equity,information_technology,1,stock
TEL,equity,information_technology,1,stock
MCHP,equity,information_technology,1,stock
NXPI,equity,information_technology,1,stock
MPWR,equity,information_technology,1,stock
KEYS,equity,information_technology,1,stock
GLW,equity,information_technology,1,stock
HPQ,equity,information_technology,1,stock
HPE,equity,information_technology,1,stock
DELL,equity,information_technology,1,stock
CDW,equity,information_technology,1,stock
IT,equity,information_technology,1,stock
FICO,equity,information_technology,1,stock
TER,equity,information_technology,1,stock
SMCI,equity,information_technology,1,stock
ON,equity,information_technology,1,stock
WDC,equity,information_technology,1,stock
STX,equity,information_technology,1,stock
NTAP,equity,information_technology,1,stock
ZBRA,equity,information_technology,1,stock
TYL,equity,information_technology,1,stock
PTC,equity,information_technology,1,stock
FFIV,equity,information_technology,1,stock
PLTR,equity,information_technology,1,stock
DDOG,equity,information_technology,1,stock
MRVL,equity,information_technology,1,stock
GDDY,equity,information_technology,1,stock
AKAM,equity,information_technology,1,stock
EPAM,equity,information_technology,1,stock
TRMB,equity,information_technology,1,stock
JBL,equity,information_technology,1,stock
SWKS,equity,information_technology,1,stock
FSLR,equity,information_technology,1,stock
ENPH,equity,information_technology,1,stock
GOOGL,equity,communication_services,1,stock
META,equity,communication_services,1,stock
NFLX,equity,communication_services,1,stock
TMUS,equity,communication_services,1,stock
VZ,equity,communication_services,1,stock
T,equity,communication_services,1,stock
DIS,equity,communication_services,1,stock
CMCSA,equity,communication_services,1,stock
CHTR,equity,communication_services,1,stock
EA,equity,communication_services,1,stock
TTWO,equity,communication_services,1,stock
WBD,equity,communication_services,1,stock
OMC,equity,communication_services,1,stock
LYV,equity,communication_services,1,stock
MTCH,equity,communication_services,1,stock
FOXA,equity,communication_services,1,stock
NWSA,equity,communication_services,1,stock
AMZN,equity,consumer_discretionary,1,stock
TSLA,equity,consumer_discretionary,1,stock
HD,equity,consumer_discretionary,1,stock
MCD,equity,consumer_discretionary,1,stock
NKE,equity,consumer_discretionary,1,stock
LOW,equity,consumer_discretionary,1,stock
SBUX,equity,consumer_discretionary,1,stock
TJX,equity,consumer_discretionary,1,stock
BKNG,equity,consumer_discretionary,1,stock
CMG,equity,consumer_discretionary,1,stock
ORLY,equity,consumer_discretionary,1,stock
AZO,equity,consumer_discretionary,1,stock
MAR,equity,consumer_discretionary,1,stock
HLT,equity,consumer_discretionary,1,stock
ROST,equity,consumer_discretionary,1,stock
GM,equity,consumer_discretionary,1,stock
F,equity,consumer_discretionary,1,stock
DHI,equity,consumer_discretionary,1,stock
LEN,equity,consumer_discretionary,1,stock
YUM,equity,consumer_discretionary,1,stock
EBAY,equity,consumer_discretionary,1,stock
ABNB,equity,consumer_discretionary,1,stock
LULU,equity,consumer_discretionary,1,stock
DPZ,equity,consumer_discretionary,1,stock
EXPE,equity,consumer_discretionary,1,stock
RCL,equity,consumer_discretionary,1,stock
CCL,equity,consumer_discretionary,1,stock
NCLH,equity,consumer_discretionary,1,stock
ULTA,equity,consumer_discretionary,1,stock
BBY,equity,consumer_discretionary,1,stock
TSCO,equity,consumer_discretionary,1,stock
GRMN,equity,consumer_discretionary,1,stock
DRI,equity,consumer_discretionary,1,stock
LVS,equity,consumer_discretionary,1,stock
WYNN,equity,consumer_discretionary,1,stock
MGM,equity,consumer_discretionary,1,stock
POOL,equity,consumer_discretionary,1,stock
KMX,equity,consumer_discretionary,1,stock
APTV,equity,consumer_discretionary,1,stock
PHM,equity,consumer_discretionary,1,stock
NVR,equity,consumer_discretionary,1,stock
TPR,equity,consumer_discretionary,1,stock
RL,equity,consumer_discretionary,1,stock
HAS,equity,consumer_discretionary,1,stock
DECK,equity,consumer_discretionary,1,stock
GPC,equity,consumer_discretionary,1,stock
LKQ,equity,consumer_discretionary,1,stock
PG,equity,consumer_staples,1,stock
KO,equity,consumer_staples,1,stock
PEP,equity,consumer_staples,1,stock
COST,equity,consumer_staples,1,stock
WMT,equity,consumer_staples,1,stock
PM,equity,consumer_staples,1,stock
MO,equity,consumer_staples,1,stock
MDLZ,equity,consumer_staples,1,stock
CL,equity,consumer_staples,1,stock
KMB,equity,consumer_staples,1,stock
GIS,equity,consumer_staples,1,stock
KHC,equity,consumer_staples,1,stock
SYY,equity,consumer_staples,1,stock
KR,equity,consumer_staples,1,stock
HSY,equity,consumer_staples,1,stock
STZ,equity,consumer_staples,1,stock
KDP,equity,consumer_staples,1,stock
ADM,equity,consumer_staples,1,stock
TGT,equity,consumer_staples,1,stock
DG,equity,consumer_staples,1,stock
DLTR,equity,consumer_staples,1,stock
EL,equity,consumer_staples,1,stock
CHD,equity,consumer_staples,1,stock
CLX,equity,consumer_staples,1,stock
MKC,equity,consumer_staples,1,stock
CAG,equity,consumer_staples,1,stock
CPB,equity,consumer_staples,1,stock
SJM,equity,consumer_staples,1,stock
HRL,equity,consumer_staples,1,stock
TSN,equity,consumer_staples,1,stock
MNST,equity,consumer_staples,1,stock
KVUE,equity,consumer_staples,1,stock
BG,equity,consumer_staples,1,stock
UNH,equity,health_care,1,stock
JNJ,equity,health_care,1,stock
LLY,equity,health_care,1,stock
ABBV,equity,health_care,1,stock
MRK,equity,health_care,1,stock
PFE,equity,health_care,1,stock
TMO,equity,health_care,1,stock
ABT,equity,health_care,1,stock
DHR,equity,health_care,1,stock
AMGN,equity,health_care,1,stock
BMY,equity,health_care,1,stock
GILD,equity,health_care,1,stock
ISRG,equity,health_care,1,stock
MDT,equity,health_care,1,stock
SYK,equity,health_care,1,stock
CVS,equity,health_care,1,stock
ELV,equity,health_care,1,stock
CI,equity,health_care,1,stock
HCA,equity,health_care,1,stock
VRTX,equity,health_care,1,stock
REGN,equity,health_care,1,stock
ZTS,equity,health_care,1,stock
BSX,equity,health_care,1,stock
BDX,equity,health_care,1,stock
EW,equity,health_care,1,stock
IDXX,equity,health_care,1,stock
IQV,equity,health_care,1,stock
A,equity,health_care,1,stock
RMD,equity,health_care,1,stock
DXCM,equity,health_care,1,stock
MTD,equity,health_care,1,stock
BIIB,equity,health_care,1,stock
HUM,equity,health_care,1,stock
CNC,equity,health_care,1,stock
MOH,equity,health_care,1,stock
BAX,equity,health_care,1,stock
STE,equity,health_care,1,stock
WST,equity,health_care,1,stock
ALGN,equity,health_care,1,stock
LH,equity,health_care,1,stock
DGX,equity,health_care,1,stock
COO,equity,health_care,1,stock
PODD,equity,health_care,1,stock
MRNA,equity,health_care,1,stock
INCY,equity,health_care,1,stock
JPM,equity,financials,1,stock
BAC,equity,financials,1,stock
WFC,equity,financials,1,stock
C,equity,financials,1,stock
GS,equity,financials,1,stock
MS,equity,financials,1,stock
BLK,equity,financials,1,stock
SCHW,equity,financials,1,stock
AXP,equity,financials,1,stock
SPGI,equity,financials,1,stock
MCO,equity,financials,1,stock
CB,equity,financials,1,stock
PGR,equity,financials,1,stock
AON,equity,financials,1,stock
ICE,equity,financials,1,stock
CME,equity,financials,1,stock
USB,equity,financials,1,stock
PNC,equity,financials,1,stock
TFC,equity,financials,1,stock
COF,equity,financials,1,stock
MET,equity,financials,1,stock
AIG,equity,financials,1,stock
PRU,equity,financials,1,stock
AFL,equity,financials,1,stock
ALL,equity,financials,1,stock
TRV,equity,financials,1,stock
STT,equity,financials,1,stock
FITB,equity,financials,1,stock
MTB,equity,financials,1,stock
HBAN,equity,financials,1,stock
RF,equity,financials,1,stock
KEY,equity,financials,1,stock
CFG,equity,financials,1,stock
NTRS,equity,financials,1,stock
SYF,equity,financials,1,stock
AMP,equity,financials,1,stock
TROW,equity,financials,1,stock
BEN,equity,financials,1,stock
IVZ,equity,financials,1,stock
RJF,equity,financials,1,stock
MSCI,equity,financials,1,stock
NDAQ,equity,financials,1,stock
CBOE,equity,financials,1,stock
FIS,equity,financials,1,stock
PYPL,equity,financials,1,stock
V,equity,financials,1,stock
MA,equity,financials,1,stock
BRK-B,equity,financials,1,stock
KKR,equity,financials,1,stock
BX,equity,financials,1,stock
APO,equity,financials,1,stock
ACGL,equity,financials,1,stock
WRB,equity,financials,1,stock
HIG,equity,financials,1,stock
CINF,equity,financials,1,stock
L,equity,financials,1,stock
GL,equity,financials,1,stock
GE,equity,industrials,1,stock
CAT,equity,industrials,1,stock
HON,equity,industrials,1,stock
UNP,equity,industrials,1,stock
UPS,equity,industrials,1,stock
RTX,equity,industrials,1,stock
LMT,equity,industrials,1,stock
BA,equity,industrials,1,stock
DE,equity,industrials,1,stock
ETN,equity,industrials,1,stock
ITW,equity,industrials,1,stock
EMR,equity,industrials,1,stock
MMM,equity,industrials,1,stock
GD,equity,industrials,1,stock
NOC,equity,industrials,1,stock
CSX,equity,industrials,1,stock
NSC,equity,industrials,1,stock
WM,equity,industrials,1,stock
RSG,equity,industrials,1,stock
PH,equity,industrials,1,stock
CMI,equity,industrials,1,stock
PCAR,equity,industrials,1,stock
TT,equity,industrials,1,stock
JCI,equity,industrials,1,stock
CARR,equity,industrials,1,stock
OTIS,equity,industrials,1,stock
FDX,equity,industrials,1,stock
ROK,equity,industrials,1,stock
AME,equity,industrials,1,stock
FAST,equity,industrials,1,stock
PAYX,equity,industrials,1,stock
ADP,equity,industrials,1,stock
CTAS,equity,industrials,1,stock
URI,equity,industrials,1,stock
GWW,equity,industrials,1,stock
DAL,equity,industrials,1,stock
UAL,equity,industrials,1,stock
LUV,equity,industrials,1,stock
ODFL,equity,industrials,1,stock
CHRW,equity,industrials,1,stock
EXPD,equity,industrials,1,stock
J,equity,industrials,1,stock
PWR,equity,industrials,1,stock
HWM,equity,industrials,1,stock
TDG,equity,industrials,1,stock
LHX,equity,industrials,1,stock
TXT,equity,industrials,1,stock
XYL,equity,industrials,1,stock
DOV,equity,industrials,1,stock
IR,equity,industrials,1,stock
SNA,equity,industrials,1,stock
SWK,equity,industrials,1,stock
HII,equity,industrials,1,stock
VRSK,equity,industrials,1,stock
EFX,equity,industrials,1,stock
LDOS,equity,industrials,1,stock
BR,equity,industrials,1,stock
XOM,equity,energy,1,stock
CVX,equity,energy,1,stock
COP,equity,energy,1,stock
EOG,equity,energy,1,stock
SLB,equity,energy,1,stock
OXY,equity,energy,1,stock
PSX,equity,energy,1,stock
MPC,equity,energy,1,stock
VLO,equity,energy,1,stock
WMB,equity,energy,1,stock
KMI,equity,energy,1,stock
OKE,equity,energy,1,stock
HAL,equity,energy,1,stock
BKR,equity,energy,1,stock
DVN,equity,energy,1,stock
FANG,equity,energy,1,stock
EQT,equity,energy,1,stock
TRGP,equity,energy,1,stock
APA,equity,energy,1,stock
NEE,equity,utilities,1,stock
DUK,equity,utilities,1,stock
SO,equity,utilities,1,stock
D,equity,utilities,1,stock
AEP,equity,utilities,1,stock
EXC,equity,utilities,1,stock
SRE,equity,utilities,1,stock
XEL,equity,utilities,1,stock
PEG,equity,utilities,1,stock
ED,equity,utilities,1,stock
WEC,equity,utilities,1,stock
EIX,equity,utilities,1,stock
ETR,equity,utilities,1,stock
DTE,equity,utilities,1,stock
AEE,equity,utilities,1,stock
FE,equity,utilities,1,stock
PPL,equity,utilities,1,stock
CNP,equity,utilities,1,stock
NI,equity,utilities,1,stock
AES,equity,utilities,1,stock
CMS,equity,utilities,1,stock
ATO,equity,utilities,1,stock
LNT,equity,utilities,1,stock
PCG,equity,utilities,1,stock
CEG,equity,utilities,1,stock
VST,equity,utilities,1,stock
NRG,equity,utilities,1,stock
PLD,equity,real_estate,1,stock
AMT,equity,real_estate,1,stock
EQIX,equity,real_estate,1,stock
CCI,equity,real_estate,1,stock
PSA,equity,real_estate,1,stock
SPG,equity,real_estate,1,stock
O,equity,real_estate,1,stock
WELL,equity,real_estate,1,stock
DLR,equity,real_estate,1,stock
AVB,equity,real_estate,1,stock
EQR,equity,real_estate,1,stock
VTR,equity,real_estate,1,stock
EXR,equity,real_estate,1,stock
MAA,equity,real_estate,1,stock
ARE,equity,real_estate,1,stock
INVH,equity,real_estate,1,stock
ESS,equity,real_estate,1,stock
UDR,equity,real_estate,1,stock
KIM,equity,real_estate,1,stock
REG,equity,real_estate,1,stock
HST,equity,real_estate,1,stock
IRM,equity,real_estate,1,stock
SBAC,equity,real_estate,1,stock
CPT,equity,real_estate,1,stock
LIN,equity,materials,1,stock
SHW,equity,materials,1,stock
APD,equity,materials,1,stock
ECL,equity,materials,1,stock
FCX,equity,materials,1,stock
NEM,equity,materials,1,stock
NUE,equity,materials,1,stock
DOW,equity,materials,1,stock
DD,equity,materials,1,stock
PPG,equity,materials,1,stock
VMC,equity,materials,1,stock
MLM,equity,materials,1,stock
CTVA,equity,materials,1,stock
IFF,equity,materials,1,stock
LYB,equity,materials,1,stock
CF,equity,materials,1,stock
MOS,equity,materials,1,stock
ALB,equity,materials,1,stock
BALL,equity,materials,1,stock
PKG,equity,materials,1,stock
IP,equity,materials,1,stock
AMCR,equity,materials,1,stock
STLD,equity,materials,1,stock
SPY,equity_etf,broad_us,1,etf
QQQ,equity_etf,broad_us,1,etf
IWM,equity_etf,broad_us,1,etf
DIA,equity_etf,broad_us,1,etf
VTI,equity_etf,broad_us,1,etf
VOO,equity_etf,broad_us,1,etf
RSP,equity_etf,broad_us,1,etf
MDY,equity_etf,broad_us,1,etf
IJH,equity_etf,broad_us,1,etf
IJR,equity_etf,broad_us,1,etf
VEA,equity_etf,international,1,etf
VWO,equity_etf,international,1,etf
EFA,equity_etf,international,1,etf
EEM,equity_etf,international,1,etf
IEMG,equity_etf,international,1,etf
ACWI,equity_etf,international,1,etf
VXUS,equity_etf,international,1,etf
EWJ,equity_etf,international,1,etf
EWZ,equity_etf,international,1,etf
FXI,equity_etf,international,1,etf
MCHI,equity_etf,international,1,etf
INDA,equity_etf,international,1,etf
EWG,equity_etf,international,1,etf
EWU,equity_etf,international,1,etf
EWC,equity_etf,international,1,etf
EWY,equity_etf,international,1,etf
EWT,equity_etf,international,1,etf
XLK,equity_etf,sector,1,etf
XLF,equity_etf,sector,1,etf
XLV,equity_etf,sector,1,etf
XLE,equity_etf,sector,1,etf
XLI,equity_etf,sector,1,etf
XLY,equity_etf,sector,1,etf
XLP,equity_etf,sector,1,etf
XLU,equity_etf,sector,1,etf
XLB,equity_etf,sector,1,etf
XLRE,equity_etf,sector,1,etf
XLC,equity_etf,sector,1,etf
SMH,equity_etf,industry_theme,1,etf
SOXX,equity_etf,industry_theme,1,etf
IBB,equity_etf,industry_theme,1,etf
XBI,equity_etf,industry_theme,1,etf
KRE,equity_etf,industry_theme,1,etf
KBE,equity_etf,industry_theme,1,etf
ITB,equity_etf,industry_theme,1,etf
XHB,equity_etf,industry_theme,1,etf
XRT,equity_etf,industry_theme,1,etf
XOP,equity_etf,industry_theme,1,etf
OIH,equity_etf,industry_theme,1,etf
GDX,equity_etf,industry_theme,1,etf
GDXJ,equity_etf,industry_theme,1,etf
IGV,equity_etf,industry_theme,1,etf
TAN,equity_etf,industry_theme,1,etf
ICLN,equity_etf,industry_theme,1,etf
ARKK,equity_etf,industry_theme,1,etf
IYR,equity_etf,industry_theme,1,etf
VNQ,equity_etf,industry_theme,1,etf
JETS,equity_etf,industry_theme,1,etf
MTUM,equity_etf,factor,1,etf
QUAL,equity_etf,factor,1,etf
USMV,equity_etf,factor,1,etf
VLUE,equity_etf,factor,1,etf
SCHD,equity_etf,factor,1,etf
VIG,equity_etf,factor,1,etf
DGRO,equity_etf,factor,1,etf
SHY,bond_etf,treasury_short,1,etf
SGOV,bond_etf,treasury_short,1,etf
BIL,bond_etf,treasury_short,1,etf
VGSH,bond_etf,treasury_short,1,etf
IEI,bond_etf,treasury_intermediate,1,etf
IEF,bond_etf,treasury_intermediate,1,etf
VGIT,bond_etf,treasury_intermediate,1,etf
GOVT,bond_etf,treasury_intermediate,1,etf
TLT,bond_etf,treasury_long,1,etf
VGLT,bond_etf,treasury_long,1,etf
EDV,bond_etf,treasury_long,1,etf
ZROZ,bond_etf,treasury_long,1,etf
TIP,bond_etf,inflation_linked,1,etf
SCHP,bond_etf,inflation_linked,1,etf
STIP,bond_etf,inflation_linked,1,etf
BND,bond_etf,aggregate,1,etf
AGG,bond_etf,aggregate,1,etf
BNDX,bond_etf,aggregate,1,etf
MBB,bond_etf,aggregate,1,etf
LQD,bond_etf,corporate_ig,1,etf
VCIT,bond_etf,corporate_ig,1,etf
VCSH,bond_etf,corporate_ig,1,etf
HYG,bond_etf,corporate_hy,1,etf
JNK,bond_etf,corporate_hy,1,etf
FLOT,bond_etf,floating_rate,1,etf
EMB,bond_etf,emerging_markets,1,etf
MUB,bond_etf,municipal,1,etf
GLD,commodity_etf,precious_metals,1,etf
IAU,commodity_etf,precious_metals,1,etf
SLV,commodity_etf,precious_metals,1,etf
PPLT,commodity_etf,precious_metals,1,etf
USO,commodity_etf,energy,1,etf
BNO,commodity_etf,energy,1,etf
UNG,commodity_etf,energy,1,etf
DBA,commodity_etf,broad,1,etf
DBC,commodity_etf,broad,1,etf
PDBC,commodity_etf,broad,1,etf
GSG,commodity_etf,broad,1,etf
CPER,commodity_etf,industrial_metals,1,etf
URA,commodity_etf,industrial_metals,1,etf
UUP,currency_etf,usd,1,etf
FXE,currency_etf,g10,1,etf
FXY,currency_etf,g10,1,etf
FXB,currency_etf,g10,1,etf
FXF,currency_etf,g10,1,etf
FXC,currency_etf,g10,1,etf
FXA,currency_etf,g10,1,etf
VIXY,volatility_etp,vix_futures,1,etf
VIXM,volatility_etp,vix_futures,1,etf
VXX,volatility_etp,vix_futures,1,etn
UDN,currency_etf,usd,-1,etf
TQQQ,equity_etf,broad_us,3,etf
SQQQ,equity_etf,broad_us,-3,etf
SPXL,equity_etf,broad_us,3,etf
SPXS,equity_etf,broad_us,-3,etf
UPRO,equity_etf,broad_us,3,etf
SPXU,equity_etf,broad_us,-3,etf
SSO,equity_etf,broad_us,2,etf
SDS,equity_etf,broad_us,-2,etf
QLD,equity_etf,broad_us,2,etf
QID,equity_etf,broad_us,-2,etf
SH,equity_etf,broad_us,-1,etf
PSQ,equity_etf,broad_us,-1,etf
DOG,equity_etf,broad_us,-1,etf
RWM,equity_etf,broad_us,-1,etf
TNA,equity_etf,broad_us,3,etf
TZA,equity_etf,broad_us,-3,etf
SOXL,equity_etf,industry_theme,3,etf
SOXS,equity_etf,industry_theme,-3,etf
FAS,equity_etf,sector,3,etf
FAZ,equity_etf,sector,-3,etf
LABU,equity_etf,industry_theme,3,etf
LABD,equity_etf,industry_theme,-3,etf
YINN,equity_etf,international,3,etf
YANG,equity_etf,international,-3,etf
TMF,bond_etf,treasury_long,3,etf
TMV,bond_etf,treasury_long,-3,etf
TBT,bond_etf,treasury_long,-2,etf
TBF,bond_etf,treasury_long,-1,etf
UCO,commodity_etf,energy,2,etf
SCO,commodity_etf,energy,-2,etf
BOIL,commodity_etf,energy,2,etf
KOLD,commodity_etf,energy,-2,etf
NUGT,equity_etf,industry_theme,2,etf
DUST,equity_etf,industry_theme,-2,etf
AGQ,commodity_etf,precious_metals,2,etf
ZSL,commodity_etf,precious_metals,-2,etf
UVXY,volatility_etp,vix_futures,1.5,etf
SVXY,volatility_etp,vix_futures,-0.5,etf
